Test Case Number,Week,Test Run 1 Status,Test Run 2 Status,Test Run 3 Status,Manual Test Triggered (Yes/No),AWS Machine Usage (hours),Cost (USD)
1,Week 1,Pass,N/A,N/A,No,31.42,3.14
2,Week 1,Pass,N/A,N/A,No,23.77,2.38
3,Week 1,Pass,N/A,N/A,No,15.98,1.6
4,Week 1,Fail,Pass,N/A,No,33.15,3.32
5,Week 1,Pass,N/A,N/A,No,32.84,3.28
6,Week 1,Fail,Pass,N/A,No,17.04,1.7
7,Week 1,Pass,N/A,N/A,No,17.95,1.79
8,Week 1,Pass,N/A,N/A,No,31.41,3.14
9,Week 1,Pass,N/A,N/A,No,17.44,1.74
10,Week 1,Fail,Fail,Pass,No,28.96,2.9
11,Week 1,Pass,N/A,N/A,No,43.78,4.38
12,Week 2,Pass,N/A,N/A,No,46.53,4.65
13,Week 2,Pass,N/A,N/A,No,10.44,1.04
14,Week 2,Pass,N/A,N/A,No,20.5,2.05
15,Week 2,Pass,N/A,N/A,No,31.99,3.2
16,Week 2,Pass,N/A,N/A,No,32.29,3.23
17,Week 2,Pass,N/A,N/A,No,20.34,2.03
18,Week 2,Fail,Fail,Pass,No,24.9,2.49
19,Week 2,Pass,N/A,N/A,No,17.53,1.75
20,Week 2,Fail,Pass,N/A,No,47.09,4.71
21,Week 2,Pass,N/A,N/A,No,37.98,3.8
22,Week 2,Pass,N/A,N/A,No,19.62,1.96
23,Week 3,Pass,N/A,N/A,No,20.96,2.1
24,Week 3,Pass,N/A,N/A,No,43.58,4.36
25,Week 3,Pass,N/A,N/A,No,152.72,15.27
26,Week 3,Fail,Pass,N/A,No,19.38,1.94
27,Week 3,Fail,Pass,N/A,No,32.7,3.27
28,Week 3,Pass,N/A,N/A,No,13.82,1.38
29,Week 3,Fail,Pass,N/A,No,46.72,4.67
30,Week 3,Pass,N/A,N/A,No,21.06,2.11
31,Week 3,Pass,N/A,N/A,No,46.9,4.69
32,Week 3,Pass,N/A,N/A,No,14.92,1.49
33,Week 3,Pass,N/A,N/A,No,28.74,2.87
34,Week 4,Pass,N/A,N/A,No,36.64,3.66
35,Week 4,Pass,N/A,N/A,No,45.42,4.54
36,Week 4,Pass,N/A,N/A,No,37.56,3.76
37,Week 4,Pass,N/A,N/A,No,33.1,3.31
38,Week 4,Pass,N/A,N/A,No,20.64,2.06
39,Week 4,Pass,N/A,N/A,No,28.48,2.85
40,Week 4,Fail,Pass,N/A,No,41.29,4.13
41,Week 4,Pass,N/A,N/A,No,36.66,3.67
42,Week 4,Fail,Pass,N/A,No,32.45,3.25
43,Week 4,Fail,Pass,N/A,No,30.64,3.06
44,Week 4,Fail,Fail,Pass,No,12.93,1.29
45,Week 5,Fail,Pass,N/A,No,26.81,2.68
46,Week 5,Fail,Pass,N/A,No,19.06,1.91
47,Week 5,Pass,N/A,N/A,No,30.83,3.08
48,Week 5,Pass,N/A,N/A,No,42.65,4.26
49,Week 5,Pass,N/A,N/A,No,36.6,3.66
50,Week 5,Pass,N/A,N/A,No,164.0,16.4
51,Week 5,Pass,N/A,N/A,No,34.89,3.49
52,Week 5,Fail,Fail,Pass,No,20.46,2.05
53,Week 5,Fail,Pass,N/A,No,37.24,3.72
54,Week 5,Pass,N/A,N/A,No,43.01,4.3
55,Week 5,Pass,N/A,N/A,No,13.79,1.38
56,Week 6,Fail,Pass,N/A,No,37.13,3.71
57,Week 6,Pass,N/A,N/A,No,29.95,2.99
58,Week 6,Pass,N/A,N/A,No,12.63,1.26
59,Week 6,Fail,Pass,N/A,No,10.18,1.02
60,Week 6,Pass,N/A,N/A,No,41.02,4.1
61,Week 6,Pass,N/A,N/A,No,48.75,4.88
62,Week 6,Pass,N/A,N/A,No,32.28,3.23
63,Week 6,Pass,N/A,N/A,No,29.9,2.99
64,Week 6,Pass,N/A,N/A,No,23.97,2.4
65,Week 6,Fail,Pass,N/A,No,18.01,1.8
66,Week 6,Pass,N/A,N/A,No,18.17,1.82
67,Week 7,Pass,N/A,N/A,No,42.42,4.24
68,Week 7,Pass,N/A,N/A,No,45.43,4.54
69,Week 7,Fail,Pass,N/A,No,13.0,1.3
70,Week 7,Pass,N/A,N/A,No,15.43,1.54
71,Week 7,Pass,N/A,N/A,No,44.94,4.49
72,Week 7,Pass,N/A,N/A,No,31.43,3.14
73,Week 7,Pass,N/A,N/A,No,28.22,2.82
74,Week 7,Pass,N/A,N/A,No,16.49,1.65
75,Week 7,Pass,N/A,N/A,No,27.42,2.74
76,Week 7,Pass,N/A,N/A,No,24.23,2.42
77,Week 7,Pass,N/A,N/A,No,173.25,17.33
78,Week 8,Pass,N/A,N/A,No,15.15,1.51
79,Week 8,Pass,N/A,N/A,No,28.67,2.87
80,Week 8,Pass,N/A,N/A,No,29.83,2.98
81,Week 8,Pass,N/A,N/A,No,20.79,2.08
82,Week 8,Pass,N/A,N/A,No,15.94,1.59
83,Week 8,Pass,N/A,N/A,No,37.03,3.7
84,Week 8,Pass,N/A,N/A,No,21.23,2.12
85,Week 8,Pass,N/A,N/A,No,23.9,2.39
86,Week 8,Pass,N/A,N/A,No,38.43,3.84
87,Week 8,Fail,Fail,Pass,No,42.99,4.3
88,Week 8,Pass,N/A,N/A,No,28.43,2.84
89,Week 9,Fail,Pass,N/A,No,35.18,3.52
90,Week 9,Pass,N/A,N/A,No,47.26,4.73
91,Week 9,Pass,N/A,N/A,No,17.37,1.74
92,Week 9,Pass,N/A,N/A,No,10.42,1.04
93,Week 9,Fail,Pass,N/A,No,18.65,1.86
94,Week 9,Fail,Pass,N/A,No,35.75,3.58
95,Week 9,Pass,N/A,N/A,No,21.61,2.16
96,Week 9,Pass,N/A,N/A,No,21.17,2.12
97,Week 9,Fail,Pass,N/A,No,41.44,4.14
98,Week 9,Pass,N/A,N/A,No,34.3,3.43
99,Week 9,Pass,N/A,N/A,No,31.73,3.17
100,Week 10,Pass,N/A,N/A,No,46.86,4.69
101,Week 10,Pass,N/A,N/A,No,46.36,4.64
102,Week 10,Pass,N/A,N/A,No,15.19,1.52
103,Week 10,Fail,Pass,N/A,No,22.48,2.25
104,Week 10,Pass,N/A,N/A,No,23.97,2.4
105,Week 10,Pass,N/A,N/A,No,27.67,2.77
106,Week 10,Pass,N/A,N/A,No,19.7,1.97
107,Week 10,Pass,N/A,N/A,No,19.32,1.93
108,Week 10,Fail,Pass,N/A,No,32.77,3.28
109,Week 10,Pass,N/A,N/A,No,22.32,2.23
110,Week 10,Fail,Fail,Pass,No,32.95,3.29
111,Week 11,Fail,Pass,N/A,No,31.77,3.18
112,Week 11,Pass,N/A,N/A,No,23.97,2.4
113,Week 11,Pass,N/A,N/A,No,35.41,3.54
114,Week 11,Fail,Fail,Pass,No,10.15,1.01
115,Week 11,Pass,N/A,N/A,No,24.95,2.49
116,Week 11,Pass,N/A,N/A,No,16.96,1.7
117,Week 11,Pass,N/A,N/A,No,33.24,3.32
118,Week 11,Fail,Pass,N/A,No,45.34,4.53
119,Week 11,Fail,Pass,N/A,No,43.71,4.37
120,Week 11,Pass,N/A,N/A,No,26.69,2.67
121,Week 11,Pass,N/A,N/A,No,44.27,4.43
122,Week 12,Pass,N/A,N/A,No,43.91,4.39
123,Week 12,Pass,N/A,N/A,No,35.09,3.51
124,Week 12,Pass,N/A,N/A,No,33.13,3.31
125,Week 12,Pass,N/A,N/A,No,16.76,1.68
126,Week 12,Pass,N/A,N/A,No,47.83,4.78
127,Week 12,Pass,N/A,N/A,No,32.1,3.21
128,Week 12,Pass,N/A,N/A,No,29.85,2.98
129,Week 12,Pass,N/A,N/A,No,36.42,3.64
130,Week 12,Pass,N/A,N/A,No,11.99,1.2
131,Week 12,Pass,N/A,N/A,No,15.56,1.56
132,Week 12,Pass,N/A,N/A,No,21.68,2.17
133,Week 13,Pass,N/A,N/A,No,21.82,2.18
134,Week 13,Fail,Pass,N/A,No,11.18,1.12
135,Week 13,Pass,N/A,N/A,No,12.97,1.3
136,Week 13,Pass,N/A,N/A,No,34.27,3.43
137,Week 13,Pass,N/A,N/A,No,47.48,4.75
138,Week 13,Fail,Fail,Pass,No,34.27,3.43
139,Week 13,Fail,Pass,N/A,No,48.46,4.85
140,Week 13,Pass,N/A,N/A,No,34.0,3.4
141,Week 13,Pass,N/A,N/A,No,29.35,2.94
142,Week 13,Pass,N/A,N/A,No,21.29,2.13
143,Week 13,Pass,N/A,N/A,No,13.09,1.31
144,Week 14,Fail,Pass,N/A,No,132.94,13.29
145,Week 14,Pass,N/A,N/A,No,33.07,3.31
146,Week 14,Pass,N/A,N/A,No,10.11,1.01
147,Week 14,Fail,Fail,Fail,Yes,24.61,2.46
148,Week 14,Fail,Pass,N/A,No,35.44,3.54
149,Week 14,Pass,N/A,N/A,No,41.85,4.19
150,Week 14,Pass,N/A,N/A,No,37.59,3.76
151,Week 14,Pass,N/A,N/A,No,20.07,2.01
152,Week 14,Pass,N/A,N/A,No,40.86,4.09
153,Week 14,Pass,N/A,N/A,No,14.69,1.47
154,Week 14,Pass,N/A,N/A,No,41.57,4.16
155,Week 15,Pass,N/A,N/A,No,12.81,1.28
156,Week 15,Fail,Fail,Fail,Yes,11.92,1.19
157,Week 15,Pass,N/A,N/A,No,40.56,4.06
158,Week 15,Fail,Pass,N/A,No,23.72,2.37
159,Week 15,Pass,N/A,N/A,No,39.05,3.91
160,Week 15,Pass,N/A,N/A,No,42.53,4.25
161,Week 15,Pass,N/A,N/A,No,49.64,4.96
162,Week 15,Fail,Fail,Fail,Yes,19.76,1.98
163,Week 15,Pass,N/A,N/A,No,24.44,2.44
164,Week 15,Pass,N/A,N/A,No,18.23,1.82
165,Week 15,Fail,Fail,Pass,No,19.05,1.91
166,Week 16,Pass,N/A,N/A,No,33.8,3.38
167,Week 16,Pass,N/A,N/A,No,25.88,2.59
168,Week 16,Pass,N/A,N/A,No,31.2,3.12
169,Week 16,Pass,N/A,N/A,No,37.41,3.74
170,Week 16,Pass,N/A,N/A,No,41.35,4.13
171,Week 16,Pass,N/A,N/A,No,34.21,3.42
172,Week 16,Pass,N/A,N/A,No,48.05,4.8
173,Week 16,Pass,N/A,N/A,No,48.01,4.8
174,Week 16,Pass,N/A,N/A,No,46.86,4.69
175,Week 16,Pass,N/A,N/A,No,24.66,2.47
176,Week 16,Fail,Fail,Fail,Yes,11.04,1.1
177,Week 17,Pass,N/A,N/A,No,31.81,3.18
178,Week 17,Pass,N/A,N/A,No,14.08,1.41
179,Week 17,Pass,N/A,N/A,No,49.62,4.96
180,Week 17,Pass,N/A,N/A,No,19.26,1.93
181,Week 17,Pass,N/A,N/A,No,28.75,2.88
182,Week 17,Pass,N/A,N/A,No,16.98,1.7
183,Week 17,Pass,N/A,N/A,No,27.39,2.74
184,Week 17,Pass,N/A,N/A,No,21.47,2.15
185,Week 17,Pass,N/A,N/A,No,18.84,1.88
186,Week 17,Pass,N/A,N/A,No,35.66,3.57
187,Week 17,Pass,N/A,N/A,No,33.7,3.37
188,Week 18,Pass,N/A,N/A,No,32.0,3.2
189,Week 18,Fail,Pass,N/A,No,34.01,3.4
190,Week 18,Pass,N/A,N/A,No,47.34,4.73
191,Week 18,Fail,Pass,N/A,No,48.67,4.87
192,Week 18,Pass,N/A,N/A,No,41.9,4.19
193,Week 18,Pass,N/A,N/A,No,42.2,4.22
194,Week 18,Pass,N/A,N/A,No,38.15,3.81
195,Week 18,Pass,N/A,N/A,No,12.31,1.23
196,Week 18,Pass,N/A,N/A,No,38.41,3.84
197,Week 18,Pass,N/A,N/A,No,49.18,4.92
198,Week 18,Fail,Fail,Pass,No,17.11,1.71
199,Week 19,Pass,N/A,N/A,No,23.09,2.31
200,Week 19,Pass,N/A,N/A,No,37.07,3.71
201,Week 19,Pass,N/A,N/A,No,16.58,1.66
202,Week 19,Pass,N/A,N/A,No,15.64,1.56
203,Week 19,Pass,N/A,N/A,No,15.72,1.57
204,Week 19,Fail,Fail,Pass,No,42.1,4.21
205,Week 19,Fail,Pass,N/A,No,36.19,3.62
206,Week 19,Fail,Pass,N/A,No,36.75,3.68
207,Week 19,Pass,N/A,N/A,No,27.37,2.74
208,Week 19,Pass,N/A,N/A,No,48.77,4.88
209,Week 19,Pass,N/A,N/A,No,31.09,3.11
210,Week 20,Pass,N/A,N/A,No,21.67,2.17
211,Week 20,Pass,N/A,N/A,No,46.1,4.61
212,Week 20,Pass,N/A,N/A,No,30.23,3.02
213,Week 20,Pass,N/A,N/A,No,33.94,3.39
214,Week 20,Fail,Fail,Pass,No,21.14,2.11
215,Week 20,Fail,Pass,N/A,No,49.28,4.93
216,Week 20,Pass,N/A,N/A,No,19.94,1.99
217,Week 20,Pass,N/A,N/A,No,36.67,3.67
218,Week 20,Pass,N/A,N/A,No,28.66,2.87
219,Week 20,Pass,N/A,N/A,No,31.94,3.19
220,Week 20,Fail,Pass,N/A,No,38.68,3.87
221,Week 21,Pass,N/A,N/A,No,22.64,2.26
222,Week 21,Fail,Pass,N/A,No,34.07,3.41
223,Week 21,Pass,N/A,N/A,No,17.98,1.8
224,Week 21,Pass,N/A,N/A,No,14.07,1.41
225,Week 21,Pass,N/A,N/A,No,25.88,2.59
226,Week 21,Pass,N/A,N/A,No,35.82,3.58
227,Week 21,Fail,Pass,N/A,No,42.76,4.28
228,Week 21,Pass,N/A,N/A,No,31.71,3.17
229,Week 21,Pass,N/A,N/A,No,18.82,1.88
230,Week 21,Fail,Fail,Pass,No,15.43,1.54
231,Week 21,Pass,N/A,N/A,No,46.81,4.68
232,Week 22,Pass,N/A,N/A,No,21.87,2.19
233,Week 22,Fail,Fail,Pass,No,13.32,1.33
234,Week 22,Pass,N/A,N/A,No,40.66,4.07
235,Week 22,Pass,N/A,N/A,No,19.63,1.96
236,Week 22,Fail,Pass,N/A,No,45.1,4.51
237,Week 22,Pass,N/A,N/A,No,34.4,3.44
238,Week 22,Pass,N/A,N/A,No,39.6,3.96
239,Week 22,Fail,Fail,Pass,No,26.58,2.66
240,Week 22,Fail,Pass,N/A,No,16.11,1.61
241,Week 22,Pass,N/A,N/A,No,38.66,3.87
242,Week 22,Pass,N/A,N/A,No,42.41,4.24
243,Week 23,Pass,N/A,N/A,No,22.88,2.29
244,Week 23,Pass,N/A,N/A,No,16.82,1.68
245,Week 23,Pass,N/A,N/A,No,36.25,3.63
246,Week 23,Pass,N/A,N/A,No,13.81,1.38
247,Week 23,Pass,N/A,N/A,No,46.32,4.63
248,Week 23,Pass,N/A,N/A,No,43.68,4.37
249,Week 23,Fail,Pass,N/A,No,40.67,4.07
250,Week 23,Pass,N/A,N/A,No,20.93,2.09
251,Week 23,Fail,Pass,N/A,No,17.19,1.72
252,Week 23,Pass,N/A,N/A,No,18.47,1.85
253,Week 23,Pass,N/A,N/A,No,41.57,4.16
254,Week 24,Fail,Pass,N/A,No,11.22,1.12
255,Week 24,Fail,Pass,N/A,No,30.97,3.1
256,Week 24,Pass,N/A,N/A,No,26.54,2.65
257,Week 24,Pass,N/A,N/A,No,20.33,2.03
258,Week 24,Pass,N/A,N/A,No,14.21,1.42
259,Week 24,Fail,Fail,Pass,No,25.63,2.56
260,Week 24,Fail,Pass,N/A,No,47.31,4.73
261,Week 24,Pass,N/A,N/A,No,25.85,2.58
262,Week 24,Pass,N/A,N/A,No,45.43,4.54
263,Week 24,Pass,N/A,N/A,No,49.33,4.93
264,Week 24,Pass,N/A,N/A,No,44.85,4.49
265,Week 25,Pass,N/A,N/A,No,19.52,1.95
266,Week 25,Fail,Pass,N/A,No,30.64,3.06
267,Week 25,Pass,N/A,N/A,No,22.04,2.2
268,Week 25,Pass,N/A,N/A,No,12.91,1.29
269,Week 25,Fail,Pass,N/A,No,43.9,4.39
270,Week 25,Fail,Pass,N/A,No,14.26,1.43
271,Week 25,Fail,Pass,N/A,No,48.9,4.89
272,Week 25,Pass,N/A,N/A,No,44.13,4.41
273,Week 25,Pass,N/A,N/A,No,20.23,2.02
274,Week 25,Pass,N/A,N/A,No,40.88,4.09
275,Week 25,Fail,Pass,N/A,No,22.51,2.25
276,Week 26,Pass,N/A,N/A,No,39.61,3.96
277,Week 26,Pass,N/A,N/A,No,41.9,4.19
278,Week 26,Fail,Pass,N/A,No,17.38,1.74
279,Week 26,Pass,N/A,N/A,No,26.06,2.61
280,Week 26,Pass,N/A,N/A,No,49.79,4.98
281,Week 26,Pass,N/A,N/A,No,25.09,2.51
282,Week 26,Fail,Pass,N/A,No,26.93,2.69
283,Week 26,Pass,N/A,N/A,No,13.82,1.38
284,Week 26,Fail,Fail,Fail,Yes,20.82,2.08
285,Week 26,Pass,N/A,N/A,No,14.29,1.43
286,Week 26,Fail,Fail,Pass,No,42.0,4.2
287,Week 27,Pass,N/A,N/A,No,21.46,2.15
288,Week 27,Pass,N/A,N/A,No,10.57,1.06
289,Week 27,Pass,N/A,N/A,No,13.94,1.39
290,Week 27,Pass,N/A,N/A,No,13.41,1.34
291,Week 27,Pass,N/A,N/A,No,20.07,2.01
292,Week 27,Fail,Pass,N/A,No,16.02,1.6
293,Week 27,Pass,N/A,N/A,No,36.53,3.65
294,Week 27,Pass,N/A,N/A,No,23.39,2.34
295,Week 27,Pass,N/A,N/A,No,41.54,4.15
296,Week 27,Pass,N/A,N/A,No,16.03,1.6
297,Week 27,Fail,Pass,N/A,No,22.64,2.26
298,Week 28,Pass,N/A,N/A,No,43.87,4.39
299,Week 28,Pass,N/A,N/A,No,31.29,3.13
300,Week 28,Pass,N/A,N/A,No,20.48,2.05
301,Week 28,Pass,N/A,N/A,No,16.39,1.64
302,Week 28,Pass,N/A,N/A,No,29.78,2.98
303,Week 28,Pass,N/A,N/A,No,29.0,2.9
304,Week 28,Fail,Fail,Pass,No,15.93,1.59
305,Week 28,Pass,N/A,N/A,No,31.52,3.15
306,Week 28,Pass,N/A,N/A,No,35.51,3.55
307,Week 28,Fail,Pass,N/A,No,31.35,3.13
308,Week 28,Pass,N/A,N/A,No,30.19,3.02
309,Week 29,Pass,N/A,N/A,No,33.36,3.34
310,Week 29,Fail,Pass,N/A,No,14.17,1.42
311,Week 29,Pass,N/A,N/A,No,190.11,19.01
312,Week 29,Pass,N/A,N/A,No,12.46,1.25
313,Week 29,Pass,N/A,N/A,No,47.09,4.71
314,Week 29,Pass,N/A,N/A,No,38.18,3.82
315,Week 29,Pass,N/A,N/A,No,38.2,3.82
316,Week 29,Fail,Fail,Pass,No,45.15,4.51
317,Week 29,Pass,N/A,N/A,No,16.99,1.7
318,Week 29,Fail,Pass,N/A,No,44.19,4.42
319,Week 29,Fail,Pass,N/A,No,28.97,2.9
320,Week 30,Fail,Pass,N/A,No,11.6,1.16
321,Week 30,Fail,Pass,N/A,No,45.52,4.55
322,Week 30,Pass,N/A,N/A,No,49.51,4.95
323,Week 30,Pass,N/A,N/A,No,49.06,4.91
324,Week 30,Pass,N/A,N/A,No,18.06,1.81
325,Week 30,Fail,Pass,N/A,No,20.85,2.08
326,Week 30,Pass,N/A,N/A,No,10.58,1.06
327,Week 30,Pass,N/A,N/A,No,22.89,2.29
328,Week 30,Pass,N/A,N/A,No,20.81,2.08
329,Week 30,Pass,N/A,N/A,No,45.99,4.6
330,Week 30,Fail,Fail,Pass,No,34.83,3.48
331,Week 31,Pass,N/A,N/A,No,47.19,4.72
332,Week 31,Pass,N/A,N/A,No,26.67,2.67
333,Week 31,Fail,Pass,N/A,No,34.96,3.5
334,Week 31,Pass,N/A,N/A,No,29.18,2.92
335,Week 31,Pass,N/A,N/A,No,37.49,3.75
336,Week 31,Pass,N/A,N/A,No,24.54,2.45
337,Week 31,Pass,N/A,N/A,No,18.96,1.9
338,Week 31,Pass,N/A,N/A,No,30.3,3.03
339,Week 31,Pass,N/A,N/A,No,34.14,3.41
340,Week 31,Pass,N/A,N/A,No,40.6,4.06
341,Week 31,Fail,Pass,N/A,No,25.5,2.55
342,Week 32,Pass,N/A,N/A,No,45.42,4.54
343,Week 32,Fail,Pass,N/A,No,45.79,4.58
344,Week 32,Pass,N/A,N/A,No,17.28,1.73
345,Week 32,Pass,N/A,N/A,No,33.21,3.32
346,Week 32,Pass,N/A,N/A,No,11.51,1.15
347,Week 32,Pass,N/A,N/A,No,24.43,2.44
348,Week 32,Pass,N/A,N/A,No,44.16,4.42
349,Week 32,Fail,Fail,Pass,No,21.67,2.17
350,Week 32,Pass,N/A,N/A,No,46.86,4.69
351,Week 32,Pass,N/A,N/A,No,24.29,2.43
352,Week 32,Pass,N/A,N/A,No,48.35,4.84
353,Week 33,Fail,Fail,Fail,Yes,14.28,1.43
354,Week 33,Pass,N/A,N/A,No,39.41,3.94
355,Week 33,Fail,Pass,N/A,No,34.2,3.42
356,Week 33,Pass,N/A,N/A,No,19.94,1.99
357,Week 33,Pass,N/A,N/A,No,32.38,3.24
358,Week 33,Pass,N/A,N/A,No,46.95,4.69
359,Week 33,Pass,N/A,N/A,No,17.16,1.72
360,Week 33,Fail,Pass,N/A,No,15.24,1.52
361,Week 33,Pass,N/A,N/A,No,33.34,3.33
362,Week 33,Pass,N/A,N/A,No,10.75,1.07
363,Week 33,Pass,N/A,N/A,No,32.63,3.26
364,Week 34,Fail,Pass,N/A,No,37.46,3.75
365,Week 34,Pass,N/A,N/A,No,41.86,4.19
366,Week 34,Pass,N/A,N/A,No,28.6,2.86
367,Week 34,Pass,N/A,N/A,No,18.48,1.85
368,Week 34,Pass,N/A,N/A,No,44.21,4.42
369,Week 34,Pass,N/A,N/A,No,41.24,4.12
370,Week 34,Pass,N/A,N/A,No,49.33,4.93
371,Week 34,Pass,N/A,N/A,No,35.32,3.53
372,Week 34,Pass,N/A,N/A,No,37.12,3.71
373,Week 34,Pass,N/A,N/A,No,35.28,3.53
374,Week 34,Pass,N/A,N/A,No,13.3,1.33
375,Week 35,Pass,N/A,N/A,No,15.8,1.58
376,Week 35,Fail,Pass,N/A,No,12.74,1.27
377,Week 35,Pass,N/A,N/A,No,21.28,2.13
378,Week 35,Fail,Fail,Fail,Yes,26.04,2.6
379,Week 35,Pass,N/A,N/A,No,49.46,4.95
380,Week 35,Pass,N/A,N/A,No,44.33,4.43
381,Week 35,Pass,N/A,N/A,No,11.48,1.15
382,Week 35,Pass,N/A,N/A,No,43.62,4.36
383,Week 35,Pass,N/A,N/A,No,15.83,1.58
384,Week 35,Pass,N/A,N/A,No,15.91,1.59
385,Week 35,Pass,N/A,N/A,No,27.33,2.73
386,Week 36,Fail,Pass,N/A,No,48.59,4.86
387,Week 36,Pass,N/A,N/A,No,32.54,3.25
388,Week 36,Pass,N/A,N/A,No,44.77,4.48
389,Week 36,Pass,N/A,N/A,No,14.7,1.47
390,Week 36,Pass,N/A,N/A,No,39.52,3.95
391,Week 36,Pass,N/A,N/A,No,35.63,3.56
392,Week 36,Fail,Pass,N/A,No,36.75,3.67
393,Week 36,Fail,Fail,Pass,No,37.08,3.71
394,Week 36,Fail,Pass,N/A,No,14.84,1.48
395,Week 36,Fail,Pass,N/A,No,35.18,3.52
396,Week 36,Pass,N/A,N/A,No,43.43,4.34
397,Week 37,Pass,N/A,N/A,No,21.94,2.19
398,Week 37,Pass,N/A,N/A,No,49.15,4.92
399,Week 37,Pass,N/A,N/A,No,40.73,4.07
400,Week 37,Fail,Pass,N/A,No,33.91,3.39
401,Week 37,Pass,N/A,N/A,No,11.05,1.11
402,Week 37,Pass,N/A,N/A,No,14.68,1.47
403,Week 37,Fail,Fail,Pass,No,29.2,2.92
404,Week 37,Pass,N/A,N/A,No,38.22,3.82
405,Week 37,Pass,N/A,N/A,No,36.43,3.64
406,Week 37,Pass,N/A,N/A,No,30.95,3.09
407,Week 37,Pass,N/A,N/A,No,39.54,3.95
408,Week 38,Fail,Pass,N/A,No,16.25,1.62
409,Week 38,Pass,N/A,N/A,No,35.4,3.54
410,Week 38,Pass,N/A,N/A,No,25.65,2.57
411,Week 38,Pass,N/A,N/A,No,40.47,4.05
412,Week 38,Fail,Fail,Pass,No,11.99,1.2
413,Week 38,Fail,Pass,N/A,No,13.95,1.4
414,Week 38,Pass,N/A,N/A,No,23.25,2.32
415,Week 38,Pass,N/A,N/A,No,46.01,4.6
416,Week 38,Pass,N/A,N/A,No,40.86,4.09
417,Week 38,Pass,N/A,N/A,No,27.67,2.77
418,Week 38,Pass,N/A,N/A,No,48.84,4.88
419,Week 39,Fail,Fail,Pass,No,30.33,3.03
420,Week 39,Pass,N/A,N/A,No,27.61,2.76
421,Week 39,Fail,Pass,N/A,No,24.03,2.4
422,Week 39,Fail,Fail,Pass,No,40.54,4.05
423,Week 39,Pass,N/A,N/A,No,32.88,3.29
424,Week 39,Pass,N/A,N/A,No,21.67,2.17
425,Week 39,Pass,N/A,N/A,No,19.55,1.96
426,Week 39,Pass,N/A,N/A,No,13.32,1.33
427,Week 39,Pass,N/A,N/A,No,26.0,2.6
428,Week 39,Pass,N/A,N/A,No,10.04,1.0
429,Week 39,Fail,Pass,N/A,No,15.29,1.53
430,Week 40,Pass,N/A,N/A,No,27.99,2.8
431,Week 40,Pass,N/A,N/A,No,44.82,4.48
432,Week 40,Pass,N/A,N/A,No,47.74,4.77
433,Week 40,Fail,Fail,Fail,Yes,40.22,4.02
434,Week 40,Pass,N/A,N/A,No,31.09,3.11
435,Week 40,Pass,N/A,N/A,No,22.85,2.29
436,Week 40,Fail,Fail,Pass,No,38.76,3.88
437,Week 40,Fail,Fail,Pass,No,22.83,2.28
438,Week 40,Pass,N/A,N/A,No,43.24,4.32
439,Week 40,Pass,N/A,N/A,No,11.52,1.15
440,Week 40,Pass,N/A,N/A,No,37.84,3.78
441,Week 41,Pass,N/A,N/A,No,30.26,3.03
442,Week 41,Fail,Fail,Pass,No,25.22,2.52
443,Week 41,Pass,N/A,N/A,No,32.64,3.26
444,Week 41,Pass,N/A,N/A,No,19.92,1.99
445,Week 41,Pass,N/A,N/A,No,18.64,1.86
446,Week 41,Fail,Fail,Pass,No,21.2,2.12
447,Week 41,Pass,N/A,N/A,No,25.19,2.52
448,Week 41,Pass,N/A,N/A,No,40.5,4.05
449,Week 41,Fail,Pass,N/A,No,25.56,2.56
450,Week 41,Pass,N/A,N/A,No,42.39,4.24
451,Week 41,Pass,N/A,N/A,No,26.19,2.62
452,Week 42,Pass,N/A,N/A,No,23.36,2.34
453,Week 42,Pass,N/A,N/A,No,29.14,2.91
454,Week 42,Pass,N/A,N/A,No,15.82,1.58
455,Week 42,Fail,Pass,N/A,No,26.57,2.66
456,Week 42,Pass,N/A,N/A,No,25.36,2.54
457,Week 42,Fail,Fail,Pass,No,33.69,3.37
458,Week 42,Pass,N/A,N/A,No,32.13,3.21
459,Week 42,Pass,N/A,N/A,No,16.42,1.64
460,Week 42,Fail,Fail,Pass,No,27.28,2.73
461,Week 42,Pass,N/A,N/A,No,41.37,4.14
462,Week 42,Pass,N/A,N/A,No,44.39,4.44
463,Week 43,Fail,Pass,N/A,No,22.45,2.25
464,Week 43,Pass,N/A,N/A,No,40.65,4.06
465,Week 43,Pass,N/A,N/A,No,29.56,2.96
466,Week 43,Pass,N/A,N/A,No,33.44,3.34
467,Week 43,Pass,N/A,N/A,No,37.63,3.76
468,Week 43,Fail,Pass,N/A,No,42.62,4.26
469,Week 43,Fail,Pass,N/A,No,41.0,4.1
470,Week 43,Pass,N/A,N/A,No,25.33,2.53
471,Week 43,Fail,Fail,Pass,No,46.22,4.62
472,Week 43,Pass,N/A,N/A,No,48.12,4.81
473,Week 43,Pass,N/A,N/A,No,14.64,1.46
474,Week 44,Pass,N/A,N/A,No,22.12,2.21
475,Week 44,Fail,Fail,Pass,No,15.77,1.58
476,Week 44,Fail,Pass,N/A,No,28.56,2.86
477,Week 44,Fail,Pass,N/A,No,15.84,1.58
478,Week 44,Fail,Pass,N/A,No,21.64,2.16
479,Week 44,Fail,Fail,Pass,No,48.23,4.82
480,Week 44,Pass,N/A,N/A,No,49.63,4.96
481,Week 44,Fail,Fail,Fail,Yes,19.73,1.97
482,Week 44,Pass,N/A,N/A,No,44.81,4.48
483,Week 44,Pass,N/A,N/A,No,24.62,2.46
484,Week 44,Fail,Pass,N/A,No,45.71,4.57
485,Week 45,Fail,Fail,Fail,Yes,27.11,2.71
486,Week 45,Pass,N/A,N/A,No,12.81,1.28
487,Week 45,Pass,N/A,N/A,No,46.59,4.66
488,Week 45,Fail,Fail,Pass,No,29.97,3.0
489,Week 45,Pass,N/A,N/A,No,40.58,4.06
490,Week 45,Pass,N/A,N/A,No,10.38,1.04
491,Week 45,Fail,Pass,N/A,No,39.27,3.93
492,Week 45,Pass,N/A,N/A,No,40.75,4.07
493,Week 45,Pass,N/A,N/A,No,44.66,4.47
494,Week 45,Pass,N/A,N/A,No,18.62,1.86
495,Week 45,Pass,N/A,N/A,No,36.52,3.65
496,Week 46,Pass,N/A,N/A,No,23.19,2.32
497,Week 46,Pass,N/A,N/A,No,39.68,3.97
498,Week 46,Pass,N/A,N/A,No,35.11,3.51
499,Week 46,Fail,Pass,N/A,No,33.03,3.3
500,Week 46,Pass,N/A,N/A,No,32.31,3.23
501,Week 46,Pass,N/A,N/A,No,17.03,1.7
502,Week 46,Fail,Pass,N/A,No,47.18,4.72
503,Week 46,Pass,N/A,N/A,No,25.29,2.53
504,Week 46,Fail,Pass,N/A,No,15.4,1.54
505,Week 46,Pass,N/A,N/A,No,18.52,1.85
506,Week 46,Pass,N/A,N/A,No,21.56,2.16
507,Week 47,Fail,Pass,N/A,No,26.74,2.67
508,Week 47,Fail,Pass,N/A,No,34.68,3.47
509,Week 47,Fail,Pass,N/A,No,36.62,3.66
510,Week 47,Pass,N/A,N/A,No,41.63,4.16
511,Week 47,Pass,N/A,N/A,No,24.66,2.47
512,Week 47,Fail,Fail,Pass,No,35.45,3.54
513,Week 47,Pass,N/A,N/A,No,40.39,4.04
514,Week 47,Fail,Pass,N/A,No,10.42,1.04
515,Week 47,Pass,N/A,N/A,No,41.88,4.19
516,Week 47,Pass,N/A,N/A,No,14.6,1.46
517,Week 47,Fail,Pass,N/A,No,45.44,4.54
518,Week 48,Pass,N/A,N/A,No,44.13,4.41
519,Week 48,Fail,Fail,Pass,No,47.9,4.79
520,Week 48,Fail,Fail,Pass,No,31.11,3.11
521,Week 48,Fail,Fail,Pass,No,35.87,3.59
522,Week 48,Fail,Fail,Pass,No,31.93,3.19
523,Week 48,Pass,N/A,N/A,No,37.53,3.75
524,Week 48,Pass,N/A,N/A,No,45.69,4.57
525,Week 48,Pass,N/A,N/A,No,40.49,4.05
526,Week 48,Pass,N/A,N/A,No,14.24,1.42
527,Week 48,Pass,N/A,N/A,No,10.15,1.02
528,Week 48,Pass,N/A,N/A,No,10.07,1.01
529,Week 49,Pass,N/A,N/A,No,25.92,2.59
530,Week 49,Pass,N/A,N/A,No,27.33,2.73
531,Week 49,Fail,Fail,Pass,No,11.95,1.2
532,Week 49,Pass,N/A,N/A,No,26.68,2.67
533,Week 49,Fail,Fail,Pass,No,19.31,1.93
534,Week 49,Pass,N/A,N/A,No,35.61,3.56
535,Week 49,Fail,Pass,N/A,No,45.3,4.53
536,Week 49,Pass,N/A,N/A,No,46.47,4.65
537,Week 49,Pass,N/A,N/A,No,46.02,4.6
538,Week 49,Pass,N/A,N/A,No,19.94,1.99
539,Week 49,Pass,N/A,N/A,No,24.99,2.5
540,Week 50,Pass,N/A,N/A,No,23.4,2.34
541,Week 50,Fail,Pass,N/A,No,27.58,2.76
542,Week 50,Pass,N/A,N/A,No,44.38,4.44
543,Week 50,Fail,Pass,N/A,No,34.77,3.48
544,Week 50,Fail,Pass,N/A,No,29.26,2.93
545,Week 50,Fail,Fail,Pass,No,46.48,4.65
546,Week 50,Pass,N/A,N/A,No,32.03,3.2
547,Week 50,Pass,N/A,N/A,No,33.21,3.32
548,Week 50,Fail,Pass,N/A,No,22.97,2.3
549,Week 50,Pass,N/A,N/A,No,22.15,2.21
550,Week 50,Fail,Pass,N/A,No,25.93,2.59
551,Week 51,Pass,N/A,N/A,No,11.91,1.19
552,Week 51,Fail,Pass,N/A,No,25.16,2.52
553,Week 51,Pass,N/A,N/A,No,22.99,2.3
554,Week 51,Pass,N/A,N/A,No,12.34,1.23
555,Week 51,Pass,N/A,N/A,No,46.08,4.61
556,Week 51,Pass,N/A,N/A,No,34.59,3.46
557,Week 51,Pass,N/A,N/A,No,28.44,2.84
558,Week 51,Pass,N/A,N/A,No,32.85,3.29
559,Week 51,Pass,N/A,N/A,No,23.83,2.38
560,Week 51,Pass,N/A,N/A,No,21.31,2.13
561,Week 51,Pass,N/A,N/A,No,36.29,3.63
562,Week 52,Fail,Pass,N/A,No,38.04,3.8
563,Week 52,Fail,Pass,N/A,No,14.11,1.41
564,Week 52,Pass,N/A,N/A,No,48.64,4.86
565,Week 52,Pass,N/A,N/A,No,22.76,2.28
566,Week 52,Pass,N/A,N/A,No,30.71,3.07
567,Week 52,Pass,N/A,N/A,No,46.28,4.63
568,Week 52,Pass,N/A,N/A,No,35.15,3.52
569,Week 52,Pass,N/A,N/A,No,12.91,1.29
570,Week 52,Fail,Fail,Pass,No,16.68,1.67
571,Week 52,Pass,N/A,N/A,No,15.33,1.53
572,Week 52,Pass,N/A,N/A,No,48.25,4.83
573,Week 53,Pass,N/A,N/A,No,29.35,2.94
574,Week 53,Pass,N/A,N/A,No,41.49,4.15
575,Week 53,Pass,N/A,N/A,No,25.73,2.57
576,Week 53,Pass,N/A,N/A,No,22.18,2.22
577,Week 53,Fail,Pass,N/A,No,32.85,3.28
578,Week 53,Fail,Pass,N/A,No,28.94,2.89
579,Week 53,Fail,Pass,N/A,No,47.04,4.7
580,Week 53,Pass,N/A,N/A,No,147.07,14.71
581,Week 53,Pass,N/A,N/A,No,35.58,3.56
582,Week 53,Pass,N/A,N/A,No,42.97,4.3
583,Week 53,Pass,N/A,N/A,No,12.92,1.29
584,Week 54,Pass,N/A,N/A,No,39.74,3.97
585,Week 54,Pass,N/A,N/A,No,22.25,2.22
586,Week 54,Pass,N/A,N/A,No,26.95,2.7
587,Week 54,Fail,Pass,N/A,No,33.1,3.31
588,Week 54,Pass,N/A,N/A,No,42.24,4.22
589,Week 54,Pass,N/A,N/A,No,24.68,2.47
590,Week 54,Fail,Pass,N/A,No,41.29,4.13
591,Week 54,Fail,Fail,Pass,No,10.36,1.04
592,Week 54,Pass,N/A,N/A,No,21.03,2.1
593,Week 54,Fail,Fail,Pass,No,27.84,2.78
594,Week 54,Pass,N/A,N/A,No,45.44,4.54
595,Week 55,Fail,Pass,N/A,No,16.77,1.68
596,Week 55,Fail,Pass,N/A,No,13.63,1.36
597,Week 55,Fail,Pass,N/A,No,15.48,1.55
598,Week 55,Pass,N/A,N/A,No,48.76,4.88
599,Week 55,Pass,N/A,N/A,No,24.93,2.49
600,Week 55,Pass,N/A,N/A,No,21.85,2.18
601,Week 55,Pass,N/A,N/A,No,12.94,1.29
602,Week 55,Pass,N/A,N/A,No,33.37,3.34
603,Week 55,Pass,N/A,N/A,No,25.41,2.54
604,Week 55,Pass,N/A,N/A,No,13.41,1.34
605,Week 55,Pass,N/A,N/A,No,23.46,2.35
606,Week 56,Pass,N/A,N/A,No,32.2,3.22
607,Week 56,Fail,Fail,Pass,No,35.96,3.6
608,Week 56,Pass,N/A,N/A,No,43.93,4.39
609,Week 56,Pass,N/A,N/A,No,32.14,3.21
610,Week 56,Pass,N/A,N/A,No,46.14,4.61
611,Week 56,Pass,N/A,N/A,No,45.03,4.5
612,Week 56,Pass,N/A,N/A,No,12.27,1.23
613,Week 56,Pass,N/A,N/A,No,44.56,4.46
614,Week 56,Pass,N/A,N/A,No,41.47,4.15
615,Week 56,Pass,N/A,N/A,No,11.78,1.18
616,Week 56,Pass,N/A,N/A,No,15.52,1.55
617,Week 57,Pass,N/A,N/A,No,179.29,17.93
618,Week 57,Fail,Pass,N/A,No,38.53,3.85
619,Week 57,Pass,N/A,N/A,No,40.11,4.01
620,Week 57,Fail,Pass,N/A,No,22.31,2.23
621,Week 57,Fail,Pass,N/A,No,10.01,1.0
622,Week 57,Pass,N/A,N/A,No,44.61,4.46
623,Week 57,Fail,Pass,N/A,No,21.12,2.11
624,Week 57,Pass,N/A,N/A,No,20.08,2.01
625,Week 57,Pass,N/A,N/A,No,22.49,2.25
626,Week 57,Fail,Pass,N/A,No,33.91,3.39
627,Week 57,Pass,N/A,N/A,No,23.33,2.33
628,Week 58,Pass,N/A,N/A,No,44.89,4.49
629,Week 58,Fail,Fail,Pass,No,16.3,1.63
630,Week 58,Fail,Fail,Pass,No,42.35,4.24
631,Week 58,Fail,Pass,N/A,No,30.38,3.04
632,Week 58,Pass,N/A,N/A,No,27.38,2.74
633,Week 58,Pass,N/A,N/A,No,47.63,4.76
634,Week 58,Fail,Fail,Pass,No,45.55,4.55
635,Week 58,Fail,Pass,N/A,No,114.62,11.46
636,Week 58,Pass,N/A,N/A,No,32.33,3.23
637,Week 58,Fail,Pass,N/A,No,23.29,2.33
638,Week 58,Pass,N/A,N/A,No,25.63,2.56
639,Week 59,Pass,N/A,N/A,No,14.77,1.48
640,Week 59,Pass,N/A,N/A,No,38.95,3.89
641,Week 59,Pass,N/A,N/A,No,48.43,4.84
642,Week 59,Pass,N/A,N/A,No,11.31,1.13
643,Week 59,Fail,Fail,Fail,Yes,25.97,2.6
644,Week 59,Pass,N/A,N/A,No,16.59,1.66
645,Week 59,Fail,Pass,N/A,No,30.65,3.07
646,Week 59,Fail,Pass,N/A,No,31.46,3.15
647,Week 59,Pass,N/A,N/A,No,40.74,4.07
648,Week 59,Pass,N/A,N/A,No,24.99,2.5
649,Week 59,Pass,N/A,N/A,No,31.24,3.12
650,Week 60,Fail,Fail,Pass,No,37.88,3.79
651,Week 60,Fail,Pass,N/A,No,24.63,2.46
652,Week 60,Fail,Pass,N/A,No,33.32,3.33
653,Week 60,Pass,N/A,N/A,No,49.49,4.95
654,Week 60,Pass,N/A,N/A,No,47.72,4.77
655,Week 60,Pass,N/A,N/A,No,10.15,1.02
656,Week 60,Pass,N/A,N/A,No,33.52,3.35
657,Week 60,Pass,N/A,N/A,No,12.54,1.25
658,Week 60,Pass,N/A,N/A,No,21.3,2.13
659,Week 60,Pass,N/A,N/A,No,32.7,3.27
660,Week 60,Pass,N/A,N/A,No,22.25,2.22
661,Week 61,Fail,Pass,N/A,No,32.58,3.26
662,Week 61,Fail,Pass,N/A,No,27.82,2.78
663,Week 61,Fail,Fail,Pass,No,11.67,1.17
664,Week 61,Fail,Pass,N/A,No,48.54,4.85
665,Week 61,Fail,Pass,N/A,No,14.73,1.47
666,Week 61,Pass,N/A,N/A,No,22.95,2.3
667,Week 61,Pass,N/A,N/A,No,10.78,1.08
668,Week 61,Pass,N/A,N/A,No,11.02,1.1
669,Week 61,Pass,N/A,N/A,No,32.48,3.25
670,Week 61,Pass,N/A,N/A,No,39.35,3.94
671,Week 61,Pass,N/A,N/A,No,19.44,1.94
672,Week 62,Fail,Pass,N/A,No,16.3,1.63
673,Week 62,Pass,N/A,N/A,No,35.71,3.57
674,Week 62,Pass,N/A,N/A,No,17.54,1.75
675,Week 62,Pass,N/A,N/A,No,17.49,1.75
676,Week 62,Pass,N/A,N/A,No,32.54,3.25
677,Week 62,Pass,N/A,N/A,No,42.99,4.3
678,Week 62,Pass,N/A,N/A,No,31.54,3.15
679,Week 62,Fail,Fail,Fail,Yes,28.27,2.83
680,Week 62,Pass,N/A,N/A,No,32.22,3.22
681,Week 62,Pass,N/A,N/A,No,16.46,1.65
682,Week 62,Fail,Fail,Pass,No,36.66,3.67
683,Week 63,Pass,N/A,N/A,No,20.46,2.05
684,Week 63,Pass,N/A,N/A,No,37.93,3.79
685,Week 63,Pass,N/A,N/A,No,32.31,3.23
686,Week 63,Pass,N/A,N/A,No,44.22,4.42
687,Week 63,Fail,Fail,Pass,No,40.95,4.09
688,Week 63,Fail,Fail,Pass,No,32.1,3.21
689,Week 63,Pass,N/A,N/A,No,18.61,1.86
690,Week 63,Pass,N/A,N/A,No,37.15,3.71
691,Week 63,Fail,Pass,N/A,No,31.09,3.11
692,Week 63,Pass,N/A,N/A,No,49.88,4.99
693,Week 63,Pass,N/A,N/A,No,47.98,4.8
694,Week 64,Fail,Pass,N/A,No,34.6,3.46
695,Week 64,Pass,N/A,N/A,No,44.02,4.4
696,Week 64,Fail,Fail,Pass,No,16.08,1.61
697,Week 64,Fail,Pass,N/A,No,19.29,1.93
698,Week 64,Pass,N/A,N/A,No,12.49,1.25
699,Week 64,Pass,N/A,N/A,No,19.88,1.99
700,Week 64,Pass,N/A,N/A,No,49.57,4.96
701,Week 64,Fail,Pass,N/A,No,18.13,1.81
702,Week 64,Fail,Fail,Pass,No,35.58,3.56
703,Week 64,Pass,N/A,N/A,No,11.82,1.18
704,Week 64,Pass,N/A,N/A,No,16.44,1.64
705,Week 65,Pass,N/A,N/A,No,13.56,1.36
706,Week 65,Pass,N/A,N/A,No,12.49,1.25
707,Week 65,Pass,N/A,N/A,No,20.14,2.01
708,Week 65,Fail,Pass,N/A,No,11.61,1.16
709,Week 65,Pass,N/A,N/A,No,45.82,4.58
710,Week 65,Pass,N/A,N/A,No,25.63,2.56
711,Week 65,Pass,N/A,N/A,No,12.75,1.28
712,Week 65,Pass,N/A,N/A,No,14.02,1.4
713,Week 65,Pass,N/A,N/A,No,42.16,4.22
714,Week 65,Pass,N/A,N/A,No,14.75,1.48
715,Week 65,Pass,N/A,N/A,No,37.84,3.78
716,Week 66,Fail,Pass,N/A,No,18.29,1.83
717,Week 66,Fail,Fail,Fail,Yes,140.92,14.09
718,Week 66,Fail,Pass,N/A,No,23.66,2.37
719,Week 66,Fail,Pass,N/A,No,42.47,4.25
720,Week 66,Pass,N/A,N/A,No,37.37,3.74
721,Week 66,Pass,N/A,N/A,No,23.61,2.36
722,Week 66,Pass,N/A,N/A,No,23.19,2.32
723,Week 66,Pass,N/A,N/A,No,36.77,3.68
724,Week 66,Fail,Pass,N/A,No,22.09,2.21
725,Week 66,Pass,N/A,N/A,No,46.38,4.64
726,Week 66,Pass,N/A,N/A,No,45.99,4.6
727,Week 67,Pass,N/A,N/A,No,21.4,2.14
728,Week 67,Pass,N/A,N/A,No,47.04,4.7
729,Week 67,Pass,N/A,N/A,No,25.65,2.56
730,Week 67,Pass,N/A,N/A,No,34.44,3.44
731,Week 67,Pass,N/A,N/A,No,20.47,2.05
732,Week 67,Fail,Pass,N/A,No,31.76,3.18
733,Week 67,Fail,Pass,N/A,No,42.45,4.24
734,Week 67,Fail,Pass,N/A,No,45.1,4.51
735,Week 67,Fail,Fail,Pass,No,40.11,4.01
736,Week 67,Pass,N/A,N/A,No,42.87,4.29
737,Week 67,Pass,N/A,N/A,No,13.19,1.32
738,Week 68,Pass,N/A,N/A,No,31.14,3.11
739,Week 68,Pass,N/A,N/A,No,45.23,4.52
740,Week 68,Fail,Fail,Fail,Yes,13.93,1.39
741,Week 68,Fail,Pass,N/A,No,12.38,1.24
742,Week 68,Fail,Pass,N/A,No,18.84,1.88
743,Week 68,Fail,Pass,N/A,No,13.56,1.36
744,Week 68,Pass,N/A,N/A,No,22.38,2.24
745,Week 68,Pass,N/A,N/A,No,39.26,3.93
746,Week 68,Pass,N/A,N/A,No,21.16,2.12
747,Week 68,Fail,Fail,Fail,Yes,17.79,1.78
748,Week 68,Pass,N/A,N/A,No,46.87,4.69
749,Week 69,Fail,Fail,Pass,No,28.15,2.82
750,Week 69,Fail,Pass,N/A,No,12.81,1.28
751,Week 69,Fail,Pass,N/A,No,28.04,2.8
752,Week 69,Pass,N/A,N/A,No,23.29,2.33
753,Week 69,Pass,N/A,N/A,No,11.62,1.16
754,Week 69,Pass,N/A,N/A,No,32.71,3.27
755,Week 69,Fail,Pass,N/A,No,24.93,2.49
756,Week 69,Pass,N/A,N/A,No,33.0,3.3
757,Week 69,Pass,N/A,N/A,No,42.12,4.21
758,Week 69,Fail,Pass,N/A,No,20.65,2.07
759,Week 69,Pass,N/A,N/A,No,39.16,3.92
760,Week 70,Fail,Pass,N/A,No,40.2,4.02
761,Week 70,Pass,N/A,N/A,No,37.26,3.73
762,Week 70,Pass,N/A,N/A,No,11.6,1.16
763,Week 70,Pass,N/A,N/A,No,42.5,4.25
764,Week 70,Pass,N/A,N/A,No,10.05,1.0
765,Week 70,Pass,N/A,N/A,No,23.69,2.37
766,Week 70,Pass,N/A,N/A,No,38.79,3.88
767,Week 70,Pass,N/A,N/A,No,39.44,3.94
768,Week 70,Pass,N/A,N/A,No,30.11,3.01
769,Week 70,Fail,Pass,N/A,No,16.07,1.61
770,Week 70,Fail,Fail,Pass,No,32.83,3.28
771,Week 71,Pass,N/A,N/A,No,32.92,3.29
772,Week 71,Pass,N/A,N/A,No,45.49,4.55
773,Week 71,Pass,N/A,N/A,No,27.51,2.75
774,Week 71,Pass,N/A,N/A,No,33.0,3.3
775,Week 71,Pass,N/A,N/A,No,14.54,1.45
776,Week 71,Pass,N/A,N/A,No,48.61,4.86
777,Week 71,Pass,N/A,N/A,No,25.19,2.52
778,Week 71,Pass,N/A,N/A,No,28.73,2.87
779,Week 71,Fail,Fail,Pass,No,36.63,3.66
780,Week 71,Pass,N/A,N/A,No,21.15,2.12
781,Week 71,Pass,N/A,N/A,No,21.55,2.15
782,Week 72,Fail,Fail,Fail,Yes,25.98,2.6
783,Week 72,Fail,Pass,N/A,No,48.81,4.88
784,Week 72,Pass,N/A,N/A,No,23.12,2.31
785,Week 72,Fail,Pass,N/A,No,47.03,4.7
786,Week 72,Pass,N/A,N/A,No,38.37,3.84
787,Week 72,Pass,N/A,N/A,No,43.45,4.34
788,Week 72,Pass,N/A,N/A,No,30.31,3.03
789,Week 72,Pass,N/A,N/A,No,19.5,1.95
790,Week 72,Pass,N/A,N/A,No,24.13,2.41
791,Week 72,Pass,N/A,N/A,No,38.41,3.84
792,Week 72,Pass,N/A,N/A,No,32.1,3.21
793,Week 73,Pass,N/A,N/A,No,19.02,1.9
794,Week 73,Pass,N/A,N/A,No,11.05,1.11
795,Week 73,Pass,N/A,N/A,No,12.52,1.25
796,Week 73,Fail,Pass,N/A,No,28.71,2.87
797,Week 73,Pass,N/A,N/A,No,43.39,4.34
798,Week 73,Fail,Pass,N/A,No,32.92,3.29
799,Week 73,Pass,N/A,N/A,No,42.37,4.24
800,Week 73,Fail,Pass,N/A,No,15.04,1.5
801,Week 73,Pass,N/A,N/A,No,33.99,3.4
802,Week 73,Fail,Fail,Pass,No,37.47,3.75
803,Week 73,Fail,Pass,N/A,No,33.18,3.32
804,Week 74,Pass,N/A,N/A,No,37.66,3.77
805,Week 74,Pass,N/A,N/A,No,18.32,1.83
806,Week 74,Pass,N/A,N/A,No,18.49,1.85
807,Week 74,Fail,Pass,N/A,No,26.02,2.6
808,Week 74,Pass,N/A,N/A,No,47.66,4.77
809,Week 74,Pass,N/A,N/A,No,25.51,2.55
810,Week 74,Fail,Pass,N/A,No,33.23,3.32
811,Week 74,Pass,N/A,N/A,No,39.73,3.97
812,Week 74,Pass,N/A,N/A,No,13.07,1.31
813,Week 74,Pass,N/A,N/A,No,26.69,2.67
814,Week 74,Pass,N/A,N/A,No,27.21,2.72
815,Week 75,Pass,N/A,N/A,No,44.11,4.41
816,Week 75,Pass,N/A,N/A,No,47.64,4.76
817,Week 75,Pass,N/A,N/A,No,15.6,1.56
818,Week 75,Fail,Fail,Pass,No,49.51,4.95
819,Week 75,Fail,Fail,Pass,No,10.18,1.02
820,Week 75,Pass,N/A,N/A,No,31.92,3.19
821,Week 75,Pass,N/A,N/A,No,41.0,4.1
822,Week 75,Pass,N/A,N/A,No,29.87,2.99
823,Week 75,Pass,N/A,N/A,No,36.55,3.66
824,Week 75,Pass,N/A,N/A,No,30.77,3.08
825,Week 75,Fail,Pass,N/A,No,11.41,1.14
826,Week 76,Fail,Fail,Pass,No,20.24,2.02
827,Week 76,Pass,N/A,N/A,No,20.31,2.03
828,Week 76,Fail,Pass,N/A,No,12.35,1.23
829,Week 76,Pass,N/A,N/A,No,35.8,3.58
830,Week 76,Fail,Pass,N/A,No,49.52,4.95
831,Week 76,Fail,Pass,N/A,No,47.51,4.75
832,Week 76,Pass,N/A,N/A,No,28.84,2.88
833,Week 76,Pass,N/A,N/A,No,39.07,3.91
834,Week 76,Pass,N/A,N/A,No,15.16,1.52
835,Week 76,Pass,N/A,N/A,No,25.38,2.54
836,Week 76,Fail,Pass,N/A,No,39.85,3.99
837,Week 77,Fail,Pass,N/A,No,37.86,3.79
838,Week 77,Pass,N/A,N/A,No,38.43,3.84
839,Week 77,Pass,N/A,N/A,No,36.04,3.6
840,Week 77,Pass,N/A,N/A,No,29.21,2.92
841,Week 77,Pass,N/A,N/A,No,29.25,2.93
842,Week 77,Pass,N/A,N/A,No,25.59,2.56
843,Week 77,Fail,Fail,Pass,No,16.7,1.67
844,Week 77,Pass,N/A,N/A,No,27.22,2.72
845,Week 77,Pass,N/A,N/A,No,36.73,3.67
846,Week 77,Pass,N/A,N/A,No,46.4,4.64
847,Week 77,Pass,N/A,N/A,No,47.35,4.73
848,Week 78,Fail,Pass,N/A,No,21.19,2.12
849,Week 78,Fail,Pass,N/A,No,43.85,4.39
850,Week 78,Pass,N/A,N/A,No,10.27,1.03
851,Week 78,Pass,N/A,N/A,No,18.49,1.85
852,Week 78,Pass,N/A,N/A,No,10.65,1.07
853,Week 78,Fail,Fail,Pass,No,16.04,1.6
854,Week 78,Pass,N/A,N/A,No,12.92,1.29
855,Week 78,Fail,Pass,N/A,No,25.99,2.6
856,Week 78,Fail,Fail,Pass,No,15.66,1.57
857,Week 78,Pass,N/A,N/A,No,28.37,2.84
858,Week 78,Pass,N/A,N/A,No,46.31,4.63
859,Week 79,Pass,N/A,N/A,No,33.09,3.31
860,Week 79,Fail,Pass,N/A,No,22.04,2.2
861,Week 79,Pass,N/A,N/A,No,30.57,3.06
862,Week 79,Pass,N/A,N/A,No,21.66,2.17
863,Week 79,Pass,N/A,N/A,No,15.61,1.56
864,Week 79,Fail,Pass,N/A,No,11.17,1.12
865,Week 79,Pass,N/A,N/A,No,33.12,3.31
866,Week 79,Fail,Fail,Pass,No,40.23,4.02
867,Week 79,Pass,N/A,N/A,No,18.49,1.85
868,Week 79,Pass,N/A,N/A,No,48.08,4.81
869,Week 79,Pass,N/A,N/A,No,32.39,3.24
870,Week 80,Fail,Pass,N/A,No,29.3,2.93
871,Week 80,Pass,N/A,N/A,No,17.87,1.79
872,Week 80,Pass,N/A,N/A,No,20.2,2.02
873,Week 80,Pass,N/A,N/A,No,40.46,4.05
874,Week 80,Pass,N/A,N/A,No,37.28,3.73
875,Week 80,Fail,Pass,N/A,No,34.27,3.43
876,Week 80,Pass,N/A,N/A,No,38.22,3.82
877,Week 80,Pass,N/A,N/A,No,16.96,1.7
878,Week 80,Pass,N/A,N/A,No,20.67,2.07
879,Week 80,Fail,Pass,N/A,No,20.38,2.04
880,Week 80,Pass,N/A,N/A,No,16.01,1.6
881,Week 81,Fail,Fail,Pass,No,30.51,3.05
882,Week 81,Pass,N/A,N/A,No,47.98,4.8
883,Week 81,Fail,Fail,Pass,No,23.53,2.35
884,Week 81,Pass,N/A,N/A,No,37.72,3.77
885,Week 81,Pass,N/A,N/A,No,31.26,3.13
886,Week 81,Fail,Pass,N/A,No,35.23,3.52
887,Week 81,Pass,N/A,N/A,No,12.71,1.27
888,Week 81,Fail,Pass,N/A,No,26.73,2.67
889,Week 81,Pass,N/A,N/A,No,36.67,3.67
890,Week 81,Pass,N/A,N/A,No,121.04,12.1
891,Week 81,Fail,Fail,Pass,No,24.08,2.41
892,Week 82,Pass,N/A,N/A,No,37.5,3.75
893,Week 82,Pass,N/A,N/A,No,33.91,3.39
894,Week 82,Pass,N/A,N/A,No,44.05,4.41
895,Week 82,Pass,N/A,N/A,No,10.08,1.01
896,Week 82,Pass,N/A,N/A,No,32.85,3.28
897,Week 82,Fail,Pass,N/A,No,13.31,1.33
898,Week 82,Fail,Pass,N/A,No,46.5,4.65
899,Week 82,Fail,Fail,Pass,No,48.58,4.86
900,Week 82,Pass,N/A,N/A,No,13.82,1.38
901,Week 82,Pass,N/A,N/A,No,16.96,1.7
902,Week 82,Pass,N/A,N/A,No,39.09,3.91
903,Week 83,Pass,N/A,N/A,No,12.26,1.23
904,Week 83,Fail,Pass,N/A,No,19.2,1.92
905,Week 83,Pass,N/A,N/A,No,36.25,3.62
906,Week 83,Pass,N/A,N/A,No,40.35,4.04
907,Week 83,Pass,N/A,N/A,No,13.47,1.35
908,Week 83,Pass,N/A,N/A,No,33.51,3.35
909,Week 83,Fail,Fail,Pass,No,23.33,2.33
910,Week 83,Pass,N/A,N/A,No,13.58,1.36
911,Week 83,Pass,N/A,N/A,No,19.78,1.98
912,Week 83,Pass,N/A,N/A,No,21.21,2.12
913,Week 83,Fail,Fail,Pass,No,16.92,1.69
914,Week 84,Fail,Pass,N/A,No,18.33,1.83
915,Week 84,Fail,Fail,Pass,No,36.31,3.63
916,Week 84,Fail,Pass,N/A,No,23.47,2.35
917,Week 84,Pass,N/A,N/A,No,24.68,2.47
918,Week 84,Pass,N/A,N/A,No,17.76,1.78
919,Week 84,Pass,N/A,N/A,No,13.86,1.39
920,Week 84,Pass,N/A,N/A,No,18.65,1.86
921,Week 84,Pass,N/A,N/A,No,48.42,4.84
922,Week 84,Pass,N/A,N/A,No,17.25,1.72
923,Week 84,Pass,N/A,N/A,No,11.17,1.12
924,Week 84,Pass,N/A,N/A,No,49.91,4.99
925,Week 85,Pass,N/A,N/A,No,38.34,3.83
926,Week 85,Pass,N/A,N/A,No,25.1,2.51
927,Week 85,Pass,N/A,N/A,No,46.22,4.62
928,Week 85,Fail,Fail,Pass,No,49.59,4.96
929,Week 85,Pass,N/A,N/A,No,21.65,2.17
930,Week 85,Pass,N/A,N/A,No,15.21,1.52
931,Week 85,Pass,N/A,N/A,No,32.13,3.21
932,Week 85,Pass,N/A,N/A,No,25.55,2.55
933,Week 85,Pass,N/A,N/A,No,34.4,3.44
934,Week 85,Pass,N/A,N/A,No,38.56,3.86
935,Week 85,Fail,Fail,Fail,Yes,19.05,1.91
936,Week 86,Pass,N/A,N/A,No,19.21,1.92
937,Week 86,Fail,Fail,Pass,No,29.25,2.92
938,Week 86,Pass,N/A,N/A,No,47.21,4.72
939,Week 86,Fail,Pass,N/A,No,32.32,3.23
940,Week 86,Pass,N/A,N/A,No,23.81,2.38
941,Week 86,Fail,Fail,Fail,Yes,22.32,2.23
942,Week 86,Pass,N/A,N/A,No,47.39,4.74
943,Week 86,Pass,N/A,N/A,No,33.72,3.37
944,Week 86,Pass,N/A,N/A,No,30.88,3.09
945,Week 86,Pass,N/A,N/A,No,21.9,2.19
946,Week 86,Pass,N/A,N/A,No,14.62,1.46
947,Week 87,Pass,N/A,N/A,No,45.45,4.54
948,Week 87,Pass,N/A,N/A,No,35.31,3.53
949,Week 87,Fail,Pass,N/A,No,38.52,3.85
950,Week 87,Pass,N/A,N/A,No,43.82,4.38
951,Week 87,Fail,Pass,N/A,No,23.36,2.34
952,Week 87,Pass,N/A,N/A,No,47.07,4.71
953,Week 87,Pass,N/A,N/A,No,38.15,3.82
954,Week 87,Pass,N/A,N/A,No,47.59,4.76
955,Week 87,Pass,N/A,N/A,No,45.53,4.55
956,Week 87,Fail,Pass,N/A,No,22.55,2.26
957,Week 87,Pass,N/A,N/A,No,36.44,3.64
958,Week 88,Pass,N/A,N/A,No,30.93,3.09
959,Week 88,Pass,N/A,N/A,No,43.65,4.37
960,Week 88,Fail,Pass,N/A,No,29.56,2.96
961,Week 88,Pass,N/A,N/A,No,185.37,18.54
962,Week 88,Pass,N/A,N/A,No,37.18,3.72
963,Week 88,Pass,N/A,N/A,No,25.5,2.55
964,Week 88,Fail,Pass,N/A,No,22.18,2.22
965,Week 88,Pass,N/A,N/A,No,45.48,4.55
966,Week 88,Fail,Fail,Fail,Yes,36.32,3.63
967,Week 88,Fail,Pass,N/A,No,44.9,4.49
968,Week 88,Pass,N/A,N/A,No,42.47,4.25
969,Week 89,Fail,Fail,Pass,No,24.81,2.48
970,Week 89,Fail,Pass,N/A,No,41.07,4.11
971,Week 89,Fail,Fail,Fail,Yes,46.4,4.64
972,Week 89,Pass,N/A,N/A,No,179.49,17.95
973,Week 89,Pass,N/A,N/A,No,22.55,2.25
974,Week 89,Pass,N/A,N/A,No,23.39,2.34
975,Week 89,Pass,N/A,N/A,No,24.53,2.45
976,Week 89,Pass,N/A,N/A,No,24.72,2.47
977,Week 89,Fail,Pass,N/A,No,43.14,4.31
978,Week 89,Fail,Fail,Pass,No,13.13,1.31
979,Week 89,Pass,N/A,N/A,No,10.54,1.05
980,Week 90,Fail,Fail,Pass,No,16.43,1.64
981,Week 90,Fail,Pass,N/A,No,14.32,1.43
982,Week 90,Pass,N/A,N/A,No,30.63,3.06
983,Week 90,Pass,N/A,N/A,No,40.07,4.01
984,Week 90,Fail,Pass,N/A,No,39.66,3.97
985,Week 90,Fail,Pass,N/A,No,10.38,1.04
986,Week 90,Pass,N/A,N/A,No,19.3,1.93
987,Week 90,Fail,Pass,N/A,No,41.73,4.17
988,Week 90,Pass,N/A,N/A,No,21.27,2.13
989,Week 90,Pass,N/A,N/A,No,16.33,1.63
990,Week 90,Pass,N/A,N/A,No,22.87,2.29
991,Week 91,Pass,N/A,N/A,No,13.92,1.39
992,Week 91,Pass,N/A,N/A,No,39.81,3.98
993,Week 91,Pass,N/A,N/A,No,33.35,3.34
994,Week 91,Pass,N/A,N/A,No,42.54,4.25
995,Week 91,Pass,N/A,N/A,No,44.75,4.48
996,Week 91,Pass,N/A,N/A,No,26.26,2.63
997,Week 91,Pass,N/A,N/A,No,40.23,4.02
998,Week 91,Pass,N/A,N/A,No,34.0,3.4
999,Week 91,Fail,Pass,N/A,No,11.95,1.19
1000,Week 91,Pass,N/A,N/A,No,15.67,1.57
1001,Week 91,Fail,Fail,Fail,Yes,49.38,4.94
1002,Week 92,Pass,N/A,N/A,No,17.29,1.73
1003,Week 92,Pass,N/A,N/A,No,36.81,3.68
1004,Week 92,Pass,N/A,N/A,No,34.78,3.48
1005,Week 92,Pass,N/A,N/A,No,41.38,4.14
1006,Week 92,Fail,Pass,N/A,No,37.49,3.75
1007,Week 92,Fail,Pass,N/A,No,49.89,4.99
1008,Week 92,Fail,Pass,N/A,No,172.61,17.26
1009,Week 92,Pass,N/A,N/A,No,35.34,3.53
1010,Week 92,Pass,N/A,N/A,No,31.88,3.19
1011,Week 92,Fail,Pass,N/A,No,44.44,4.44
1012,Week 92,Pass,N/A,N/A,No,45.22,4.52
1013,Week 93,Pass,N/A,N/A,No,40.24,4.02
1014,Week 93,Pass,N/A,N/A,No,14.09,1.41
1015,Week 93,Pass,N/A,N/A,No,32.06,3.21
1016,Week 93,Pass,N/A,N/A,No,11.32,1.13
1017,Week 93,Fail,Pass,N/A,No,36.57,3.66
1018,Week 93,Fail,Pass,N/A,No,19.78,1.98
1019,Week 93,Fail,Fail,Fail,Yes,27.84,2.78
1020,Week 93,Fail,Pass,N/A,No,25.68,2.57
1021,Week 93,Pass,N/A,N/A,No,26.87,2.69
1022,Week 93,Pass,N/A,N/A,No,29.17,2.92
1023,Week 93,Pass,N/A,N/A,No,38.25,3.82
1024,Week 94,Pass,N/A,N/A,No,13.7,1.37
1025,Week 94,Pass,N/A,N/A,No,24.27,2.43
1026,Week 94,Pass,N/A,N/A,No,18.41,1.84
1027,Week 94,Pass,N/A,N/A,No,33.86,3.39
1028,Week 94,Fail,Pass,N/A,No,40.79,4.08
1029,Week 94,Pass,N/A,N/A,No,24.64,2.46
1030,Week 94,Pass,N/A,N/A,No,32.07,3.21
1031,Week 94,Pass,N/A,N/A,No,25.91,2.59
1032,Week 94,Fail,Pass,N/A,No,36.93,3.69
1033,Week 94,Pass,N/A,N/A,No,17.31,1.73
1034,Week 94,Pass,N/A,N/A,No,43.2,4.32
1035,Week 95,Pass,N/A,N/A,No,27.06,2.71
1036,Week 95,Pass,N/A,N/A,No,43.82,4.38
1037,Week 95,Pass,N/A,N/A,No,33.79,3.38
1038,Week 95,Pass,N/A,N/A,No,10.27,1.03
1039,Week 95,Pass,N/A,N/A,No,36.05,3.61
1040,Week 95,Pass,N/A,N/A,No,27.19,2.72
1041,Week 95,Pass,N/A,N/A,No,38.74,3.87
1042,Week 95,Pass,N/A,N/A,No,29.83,2.98
1043,Week 95,Fail,Pass,N/A,No,38.93,3.89
1044,Week 95,Pass,N/A,N/A,No,37.57,3.76
1045,Week 95,Fail,Pass,N/A,No,36.2,3.62
1046,Week 96,Pass,N/A,N/A,No,14.61,1.46
1047,Week 96,Pass,N/A,N/A,No,26.71,2.67
1048,Week 96,Pass,N/A,N/A,No,16.3,1.63
1049,Week 96,Pass,N/A,N/A,No,37.11,3.71
1050,Week 96,Fail,Pass,N/A,No,26.22,2.62
1051,Week 96,Pass,N/A,N/A,No,31.77,3.18
1052,Week 96,Fail,Pass,N/A,No,36.5,3.65
1053,Week 96,Pass,N/A,N/A,No,19.18,1.92
1054,Week 96,Pass,N/A,N/A,No,12.48,1.25
1055,Week 96,Pass,N/A,N/A,No,30.67,3.07
1056,Week 96,Pass,N/A,N/A,No,44.77,4.48
1057,Week 97,Pass,N/A,N/A,No,41.32,4.13
1058,Week 97,Pass,N/A,N/A,No,24.13,2.41
1059,Week 97,Pass,N/A,N/A,No,39.79,3.98
1060,Week 97,Pass,N/A,N/A,No,26.63,2.66
1061,Week 97,Pass,N/A,N/A,No,48.57,4.86
1062,Week 97,Pass,N/A,N/A,No,34.97,3.5
1063,Week 97,Pass,N/A,N/A,No,19.58,1.96
1064,Week 97,Pass,N/A,N/A,No,22.5,2.25
1065,Week 97,Pass,N/A,N/A,No,11.52,1.15
1066,Week 97,Pass,N/A,N/A,No,44.05,4.41
1067,Week 97,Pass,N/A,N/A,No,16.96,1.7
1068,Week 98,Fail,Pass,N/A,No,38.08,3.81
1069,Week 98,Pass,N/A,N/A,No,30.97,3.1
1070,Week 98,Pass,N/A,N/A,No,38.31,3.83
1071,Week 98,Fail,Fail,Pass,No,41.54,4.15
1072,Week 98,Pass,N/A,N/A,No,35.87,3.59
1073,Week 98,Fail,Fail,Pass,No,28.75,2.87
1074,Week 98,Pass,N/A,N/A,No,47.32,4.73
1075,Week 98,Fail,Fail,Pass,No,24.69,2.47
1076,Week 98,Pass,N/A,N/A,No,14.79,1.48
1077,Week 98,Pass,N/A,N/A,No,20.52,2.05
1078,Week 98,Pass,N/A,N/A,No,29.34,2.93
1079,Week 99,Pass,N/A,N/A,No,35.3,3.53
1080,Week 99,Pass,N/A,N/A,No,13.87,1.39
1081,Week 99,Fail,Pass,N/A,No,12.7,1.27
1082,Week 99,Fail,Pass,N/A,No,12.98,1.3
1083,Week 99,Fail,Pass,N/A,No,17.29,1.73
1084,Week 99,Fail,Fail,Pass,No,43.99,4.4
1085,Week 99,Fail,Pass,N/A,No,33.5,3.35
1086,Week 99,Fail,Pass,N/A,No,19.76,1.98
1087,Week 99,Pass,N/A,N/A,No,27.46,2.75
1088,Week 99,Pass,N/A,N/A,No,11.01,1.1
1089,Week 99,Pass,N/A,N/A,No,31.85,3.19
1090,Week 100,Fail,Fail,Fail,Yes,49.5,4.95
1091,Week 100,Pass,N/A,N/A,No,31.54,3.15
1092,Week 100,Pass,N/A,N/A,No,40.1,4.01
1093,Week 100,Pass,N/A,N/A,No,10.09,1.01
1094,Week 100,Pass,N/A,N/A,No,26.85,2.68
1095,Week 100,Pass,N/A,N/A,No,13.99,1.4
1096,Week 100,Pass,N/A,N/A,No,32.54,3.25
1097,Week 100,Pass,N/A,N/A,No,12.55,1.26
1098,Week 100,Pass,N/A,N/A,No,10.86,1.09
1099,Week 100,Pass,N/A,N/A,No,18.08,1.81
1100,Week 100,Fail,Fail,Pass,No,165.2,16.52
